{"name":"bc9f394d-09a3-4c16-8cab-c59f75910168","id":"/providers/Microsoft.Flow/flows/bc9f394d-09a3-4c16-8cab-c59f75910168","type":"Microsoft.Flow/flows","properties":{"apiId":"/providers/Microsoft.PowerApps/apis/shared_logicflows","displayName":"Setup demo users","definition":{"metadata":{"workflowEntityId":null,"creator":{"id":"30982ef2-e551-40f4-96c8-22376d1b60d6","type":"User","tenantId":"dd5feced-effb-4701-a670-10482fac7d2d"},"provisioningMethod":"FromDefinition","failureAlertSubscription":true,"clientLastModifiedTime":"2019-08-29T05:51:21.8658747Z"},"$schema":"https://schema.management.azure.com/providers/Microsoft.Logic/schemas/2016-06-01/workflowdefinition.json#","contentVersion":"1.0.0.0","parameters":{"$connections":{"defaultValue":{},"type":"Object"},"$authentication":{"defaultValue":{},"type":"SecureObject"}},"triggers":{"manual":{"type":"Request","kind":"Button","inputs":{"schema":{"type":"object","properties":{"text":{"title":"Domain","type":"string","x-ms-dynamically-added":true,"description":"Please enter a domain if the demo users are in a different domain. E.g. 'contoso.com'","x-ms-content-hint":"TEXT"},"boolean":{"title":"Create users","type":"boolean","x-ms-dynamically-added":true,"description":"Please select yes or no.","x-ms-content-hint":"BOOLEAN"}},"required":["boolean"]}}}},"actions":{"Get_Admin_user":{"runAfter":{"Initialize_variable_-_username":["Succeeded"]},"metadata":{"flowSystemMetadata":{"swaggerOperationId":"GetItem"}},"type":"ApiConnection","inputs":{"host":{"connection":{"name":"@json(decodeBase64(triggerOutputs().headers['X-MS-APIM-Tokens']))['$connections']['shared_dynamicsax']['connectionId']"},"api":{"runtimeUrl":"https://flow-apim-europe-001-francecentral-01.azure-apim.net/apim/dynamicsax"}},"method":"get","path":"/datasets/@{encodeURIComponent(encodeURIComponent('dynamicspedia7643666f2f3a5727aos.cloudax.dynamics.com'))}/tables/@{encodeURIComponent(encodeURIComponent('SystemUsers'))}/items/@{encodeURIComponent(encodeURIComponent('Admin'))}","authentication":{"type":"Raw","value":"@json(decodeBase64(triggerOutputs().headers['X-MS-APIM-Tokens']))['$ConnectionKey']"}}},"Send_me_a_mobile_notification":{"runAfter":{"Apply_to_each_user":["Succeeded"]},"metadata":{"flowSystemMetadata":{"swaggerOperationId":"SendNotification"}},"type":"ApiConnection","inputs":{"host":{"connection":{"name":"@json(decodeBase64(triggerOutputs().headers['X-MS-APIM-Tokens']))['$connections']['shared_flowpush']['connectionId']"},"api":{"runtimeUrl":"https://flow-apim-europe-001-francecentral-01.azure-apim.net/apim/flowpush"}},"method":"post","body":{"notificationText":"Setup of demo users complete for '@{variables('domain')}'."},"path":"/sendNotification","authentication":{"type":"Raw","value":"@json(decodeBase64(triggerOutputs().headers['X-MS-APIM-Tokens']))['$ConnectionKey']"}}},"Initialize_variable_-_domain":{"runAfter":{},"type":"InitializeVariable","inputs":{"variables":[{"name":"domain","type":"String","value":"@triggerBody()?['text']"}]}},"Initialize_variable_-_len":{"runAfter":{"Initialize_variable_-_tenant":["Succeeded"]},"type":"InitializeVariable","inputs":{"variables":[{"name":"len","type":"Integer"}]}},"Initialize_variable_-_pos":{"runAfter":{"Initialize_variable_-_len":["Succeeded"]},"type":"InitializeVariable","inputs":{"variables":[{"name":"pos","type":"Integer"}]}},"Initialize_variable_-_username":{"runAfter":{"Initialize_variable_-_provider":["Succeeded"]},"type":"InitializeVariable","inputs":{"variables":[{"name":"username","type":"String"}]}},"List_users":{"runAfter":{"Domain_provided":["Succeeded"]},"metadata":{"flowSystemMetadata":{"swaggerOperationId":"GetItems"}},"type":"ApiConnection","inputs":{"host":{"connection":{"name":"@json(decodeBase64(triggerOutputs().headers['X-MS-APIM-Tokens']))['$connections']['shared_dynamicsax']['connectionId']"},"api":{"runtimeUrl":"https://flow-apim-europe-001-francecentral-01.azure-apim.net/apim/dynamicsax"}},"method":"get","path":"/datasets/@{encodeURIComponent(encodeURIComponent('dynamicspedia7643666f2f3a5727aos.cloudax.dynamics.com'))}/tables/@{encodeURIComponent(encodeURIComponent('SystemUsers'))}/items","queries":{"$filter":"UserID ne 'Admin' and UserID ne 'Guest' and UserID ne 'FRServiceUser' and UserID ne 'RetailServiceAccount' and UserID ne 'SysHealthServiceUser'"},"authentication":{"type":"Raw","value":"@json(decodeBase64(triggerOutputs().headers['X-MS-APIM-Tokens']))['$ConnectionKey']"}}},"Apply_to_each_user":{"foreach":"@body('List_users')?['value']","actions":{"Get_username":{"actions":{"Set_variable_-_pos_'Apply_to_each_user'.'Alias'":{"runAfter":{},"type":"SetVariable","inputs":{"name":"pos","value":"@indexOf(items('Apply_to_each_user')?['Alias'],'@')"}},"Set_variable_-_username_'Apply_to_each_user'.'Alias'":{"runAfter":{"Set_variable_-_pos_'Apply_to_each_user'.'Alias'":["Succeeded"]},"type":"SetVariable","inputs":{"name":"username","value":"@{substring(items('Apply_to_each_user')?['Alias'],0,variables('pos'))}"}}},"runAfter":{},"type":"Scope"},"Create_users":{"actions":{"Create_user":{"runAfter":{},"metadata":{"flowSystemMetadata":{"swaggerOperationId":"CreateUser"}},"type":"ApiConnection","inputs":{"host":{"connection":{"name":"@json(decodeBase64(triggerOutputs().headers['X-MS-APIM-Tokens']))['$connections']['shared_azuread']['connectionId']"},"api":{"runtimeUrl":"https://flow-apim-europe-001-westeurope-01.azure-apim.net/apim/azuread"}},"method":"post","body":{"accountEnabled":true,"displayName":"@items('Apply_to_each_user')?['UserName']","mailNickname":"@variables('username')","passwordProfile":{"password":"Welcome@123"},"userPrincipalName":"@{concat(variables('username'),variables('domain'))}"},"path":"/v1.0/users","authentication":{"type":"Raw","value":"@json(decodeBase64(triggerOutputs().headers['X-MS-APIM-Tokens']))['$ConnectionKey']"}}}},"runAfter":{"Get_username":["Succeeded"]},"expression":{"equals":["@triggerBody()['boolean']","@bool(true)"]},"type":"If"},"Update_a_record":{"runAfter":{"Domain_is_Tenant":["Succeeded"]},"metadata":{"flowSystemMetadata":{"swaggerOperationId":"PatchItem"}},"type":"ApiConnection","inputs":{"host":{"connection":{"name":"@json(decodeBase64(triggerOutputs().headers['X-MS-APIM-Tokens']))['$connections']['shared_dynamicsax']['connectionId']"},"api":{"runtimeUrl":"https://flow-apim-europe-001-francecentral-01.azure-apim.net/apim/dynamicsax"}},"method":"patch","body":{"UserID":"@items('Apply_to_each_user')?['UserID']","UserInfo_language":"@body('Get_Admin_user')['UserInfo_language']","UserName":"@items('Apply_to_each_user')?['UserName']","NetworkDomain":"@variables('provider')","Helplanguage":"@items('Apply_to_each_user')?['Helplanguage']","Alias":"@{concat(variables('username'),variables('domain'))}"},"path":"/datasets/@{encodeURIComponent(encodeURIComponent('dynamicspedia7643666f2f3a5727aos.cloudax.dynamics.com'))}/tables/@{encodeURIComponent(encodeURIComponent('SystemUsers'))}/items/@{encodeURIComponent(encodeURIComponent(items('Apply_to_each_user')?['UserID']))}","authentication":{"type":"Raw","value":"@json(decodeBase64(triggerOutputs().headers['X-MS-APIM-Tokens']))['$ConnectionKey']"}}},"Domain_is_Tenant":{"actions":{},"runAfter":{"Create_users":["Succeeded","Failed"]},"else":{"actions":{"Set_variable_provider_'Get_Admin_user'.'NetworkDomian'_+_domain":{"runAfter":{},"type":"SetVariable","inputs":{"name":"provider","value":"@{concat(body('Get_Admin_user')['NetworkDomain'],variables('domainCopy'))}"}}}},"expression":{"equals":["@variables('domain')","@variables('tenant')"]},"type":"If"}},"runAfter":{"List_users":["Succeeded"]},"type":"Foreach"},"Get_tenant_from_Admin_user":{"actions":{"Set_variable_-_len_'Get_Admin_user'.'Alias'":{"runAfter":{},"type":"SetVariable","inputs":{"name":"len","value":"@length(body('Get_Admin_user')?['Alias'])"}},"Set_variable_-_pos_'Get_Admin_user'.'Alias'":{"runAfter":{"Set_variable_-_len_'Get_Admin_user'.'Alias'":["Succeeded"]},"type":"SetVariable","inputs":{"name":"pos","value":"@indexOf(body('Get_Admin_user')?['Alias'],'@')"}},"Set_variable_-_tenant_'Get_Admin_user'.'Alias'":{"runAfter":{"Set_variable_-_pos_'Get_Admin_user'.'Alias'":["Succeeded"]},"type":"SetVariable","inputs":{"name":"tenant","value":"@{substring(body('Get_Admin_user')?['Alias'],variables('pos'),sub(variables('len'),variables('pos')))}"}}},"runAfter":{"Get_Admin_user":["Succeeded"]},"type":"Scope"},"Domain_provided":{"actions":{"Set_variable_domain_add_'@'":{"runAfter":{},"type":"SetVariable","inputs":{"name":"domain","value":"@{concat('@',variables('domainCopy'))}"}}},"runAfter":{"Get_tenant_from_Admin_user":["Succeeded"]},"else":{"actions":{"Set_variable_provider_'Get_Admin_user'.'userDomian'":{"runAfter":{"Set_variable_domain_if_empty":["Succeeded"]},"type":"SetVariable","inputs":{"name":"provider","value":"@body('Get_Admin_user')['NetworkDomain']"}},"Set_variable_domain_if_empty":{"runAfter":{},"type":"SetVariable","inputs":{"name":"domain","value":"@variables('tenant')"}}}},"expression":{"contains":["@variables('domain')","."]},"type":"If"},"Initialize_variable_-_tenant":{"runAfter":{"Initialize_variable_-_domainCopy":["Succeeded"]},"type":"InitializeVariable","inputs":{"variables":[{"name":"tenant","type":"String"}]}},"Initialize_variable_-_provider":{"runAfter":{"Initialize_variable_-_pos":["Succeeded"]},"type":"InitializeVariable","inputs":{"variables":[{"name":"provider","type":"String"}]}},"Initialize_variable_-_domainCopy":{"runAfter":{"Initialize_variable_-_domain":["Succeeded"]},"type":"InitializeVariable","inputs":{"variables":[{"name":"domainCopy","type":"String","value":"@triggerBody()?['text']"}]}}},"description":"This Flow will loop Microsoft Dynamics 365 for Finance and Operations users and will change the Alias (email) with the provided domain or use the domain from the Admin user.\nScript written by André Arnaud de Calavon (Dynamicspedia.com)"},"connectionReferences":{"shared_dynamicsax":{"connectionName":"cbeff887a7c64a58809660792815bff5","source":"Invoker","id":"/providers/Microsoft.PowerApps/apis/shared_dynamicsax","tier":"NotSpecified"},"shared_flowpush":{"connectionName":"shared-flowpush-30a6ae96-5739-45fb-bddc-6b08b02d0447","source":"Invoker","id":"/providers/Microsoft.PowerApps/apis/shared_flowpush","tier":"NotSpecified"},"shared_azuread":{"connectionName":"shared-azuread-8a6c0006-8e51-46ce-900d-be2c051e128a","source":"Invoker","id":"/providers/Microsoft.PowerApps/apis/shared_azuread","tier":"NotSpecified"}},"flowFailureAlertSubscribed":false}}